PersonID,Forename,Surname,DateOfBirth,Gender,Email,Occupation,Charge
1,Giorgi,Spargo,3/16/1994,Female,gspargo0@adobe.com,student,0
2,Jabez,Stendall,07/06/1995,Female,jstendall1@ustream.tv,student,0
3,Haily,Benzie,06/11/2003,Male,hbenzie2@mozilla.com,student,0
4,Von,Smye,1/13/1993,Female,vsmye3@amazon.com,student,0
5,Lenard,Maggiori,07/04/2006,Female,lmaggiori4@prnewswire.com,student,0
6,Emilee,Krale,11/01/2009,Male,ekrale5@icio.us,student,0
7,Rog,Vonasek,01/08/2002,Male,rvonasek6@usgs.gov,student,0
8,Meir,Borwick,12/26/2001,Male,mborwick7@geocities.com,student,0
9,Merralee,Andres,12/19/2008,Male,mandres8@tinypic.com,student,0
10,Denny,Westwood,7/14/2001,Female,dwestwood9@unblog.fr,student,0
11,Jerome,Rosengren,04/10/2006,Female,jrosengrena@jimdo.com,student,0
12,Penni,Marty,08/07/1995,Other,pmartyb@lulu.com,student,0
13,Adria,Stockwell,5/24/2001,Female,astockwellc@senate.gov,student,0
14,Iona,Brezlaw,3/22/1990,Male,ibrezlawd@over-blog.com,student,0
15,Ali,Divall,1/27/1997,Male,adivalle@indiatimes.com,student,0
16,Genovera,Heild,10/12/1997,Female,gheildf@studiopress.com,student,0
17,Heidie,Quadri,11/23/2008,Female,hquadrig@msu.edu,student,0
18,Lexie,Castilljo,9/15/2000,Female,lcastilljoh@51.la,student,0
19,Benyamin,Brayshaw,10/15/2009,Male,bbrayshawi@amazon.com,student,0
20,Coralyn,Astley,11/23/2006,Female,castleyj@reddit.com,student,0
21,Fiann,Iwanowicz,4/26/1999,Female,fiwanowiczk@marketwatch.com,student,0
22,Ty,Bunker,4/17/2008,Male,tbunkerl@devhub.com,student,0
23,Archibaldo,Gristhwaite,12/29/1998,Female,agristhwaitem@godaddy.com,student,0
24,Merl,Michelle,03/01/2003,Female,mmichellen@bbc.co.uk,student,0
25,Nissy,McGaffey,6/29/2006,Male,nmcgaffeyo@cam.ac.uk,student,0
26,Noella,Alennikov,12/14/1995,Male,nalennikovp@phoca.cz,student,0
27,Isabeau,Checci,07/08/2009,Female,ichecciq@ca.gov,student,0
28,Chick,Chidler,08/12/1998,Female,cchidlerr@wordpress.com,student,1.35
29,Roxi,Lachaize,09/02/2000,Male,rlachaizes@craigslist.org,student,2.55
30,Ugo,Friskey,1/23/2008,Male,ufriskeyt@csmonitor.com,student,3.95
31,Ermengarde,Hazelton,09/08/2000,Female,ehazeltonu@fastcompany.com,student,11.45
32,Nat,Scotchmur,11/28/2003,Female,nscotchmurv@bigcartel.com,student,23.12
33,Latrina,Stille,06/11/2003,Female,lstillew@cargocollective.com,student,1.05
34,Billy,Shackesby,6/28/1997,Female,bshackesbyx@state.tx.us,student,0.55
35,Cristi,Bungey,10/26/1996,Female,cbungeyy@linkedin.com,student,6.99
36,Shane,Crackel,06/09/1997,Female,scrackelz@businessinsider.com,student,0
37,Stacy,Depport,7/25/1994,Female,sdepport10@issuu.com,student,0
38,Sascha,Maasz,12/16/1991,Female,smaasz11@shutterfly.com,student,0
39,Baxie,Jorger,10/02/2006,Male,bjorger12@salon.com,student,0
40,Biddie,Gantlett,11/06/2005,Male,bgantlett13@xrea.com,student,0
41,Rozanna,Salmons,11/08/1996,Female,rsalmons14@redcross.org,student,0
42,Madel,Achrameev,08/01/1992,Male,machrameev15@trellian.com,student,0
43,Rivi,Rysom,10/29/2006,Female,rrysom16@usda.gov,student,0
44,Tracy,Gemeau,8/15/1994,Female,tgemeau17@smugmug.com,student,0
45,Kingsly,O'Rudden,07/06/2008,Male,korudden18@earthlink.net,student,0
46,Redd,Le Noury,3/16/2009,Female,rlenoury19@paypal.com,student,0
47,Cullin,Sandifer,10/25/2002,Female,csandifer1a@twitter.com,student,0
48,Krista,Oldnall,04/09/2008,Male,koldnall1b@thetimes.co.uk,student,0
49,Taffy,Whiteland,03/11/1998,Female,twhiteland1c@usnews.com,student,0
50,Kyrstin,Jaegar,12/29/1999,Female,kjaegar1d@china.com.cn,student,0
51,Kristo,Biggen,7/21/2005,Female,kbiggen1e@foxnews.com,student,0
52,Dorree,Pirt,12/10/2005,Female,dpirt1f@illinois.edu,student,0
53,Jere,Mein,1/30/2000,Female,jmein1g@samsung.com,student,0
54,Ailey,Escale,7/24/1995,Male,aescale1h@multiply.com,student,0
55,Judas,Connerry,06/07/2009,Female,jconnerry1i@jigsy.com,student,0
56,Olga,Ebbin,12/14/1994,Female,oebbin1j@freewebs.com,student,0
57,Aindrea,Brammall,7/20/2003,Female,abrammall1k@dyndns.org,student,0
58,Giorgio,McAleese,10/29/2006,Female,gmcaleese1l@uol.com.br,student,0
59,Tabatha,Ghiriardelli,1/24/1996,Male,tghiriardelli1m@ftc.gov,student,0
60,Hilary,Singh,7/19/2002,Male,hsingh1n@histats.com,student,0
61,Chickie,Esplin,06/05/2001,Female,cesplin1o@dyndns.org,student,0
62,Janot,Dyte,05/06/2001,Male,jdyte1p@facebook.com,student,0
63,Serene,Corter,4/21/2002,Male,scorter1q@jalbum.net,student,0
64,Jacky,Briscam,5/13/1998,Male,jbriscam1r@dailymotion.com,student,0
65,Rubetta,Jakov,06/08/1998,Male,rjakov1s@disqus.com,student,0
66,Tyrus,Pollendine,1/25/2005,Male,tpollendine1t@senate.gov,student,0
67,Derek,Baress,8/31/1993,Male,dbaress1u@jimdo.com,student,0
68,Ellen,Zecchini,05/10/1999,Other,ezecchini1v@meetup.com,student,0
69,Olag,Goodship,06/07/1999,Male,ogoodship1w@ftc.gov,student,0
70,Mora,Espine,5/23/2008,Female,mespine1x@bing.com,student,0
71,Max,Nolda,7/17/1991,Male,mnolda1y@washington.edu,student,0
72,Lorelle,Kalinsky,12/05/2003,Female,lkalinsky1z@vk.com,student,0
73,Ranna,Coggill,06/01/1998,Male,rcoggill20@google.es,student,0
74,Lilian,Luxon,10/08/1995,Male,lluxon21@cdc.gov,student,0
75,Aubine,Visco,8/24/1999,Other,avisco22@forbes.com,student,0
76,Udell,Corneljes,9/28/2000,Male,ucorneljes23@icio.us,student,0
77,Jaquelin,Jardine,1/16/1997,Other,jjardine24@acquirethisname.com,student,0
78,Mikel,Stowell,02/06/2004,Other,mstowell25@ycombinator.com,student,0
79,Stafani,Ianiello,4/26/2008,Male,sianiello26@wikipedia.org,student,0
80,Heather,Starsmore,8/24/2004,Male,hstarsmore27@slate.com,student,0
81,Muffin,Hucker,11/25/2003,Female,mhucker28@dailymotion.com,student,0
82,Feliks,Dawson,1/28/2007,Female,fdawson29@ft.com,student,0
83,Mattias,Nequest,09/11/2007,Female,mnequest2a@hao123.com,student,0
84,Kristoffer,Kaygill,2/28/2009,Male,kkaygill2b@indiegogo.com,student,0
85,Rita,Lyenyng,03/05/2007,Other,rlyenyng2c@webnode.com,student,0
86,Allyn,Bortoluzzi,4/20/1995,Female,abortoluzzi2d@geocities.jp,student,0
87,Corinne,Cometson,08/08/1997,Male,ccometson2e@histats.com,student,0
88,Chas,MacCollom,11/04/2009,Female,cmaccollom2f@deliciousdays.com,student,0
89,Brewster,Dyer,02/09/1995,Male,bdyer2g@ucoz.ru,student,0
90,Lucinda,Leggett,9/21/1997,Male,lleggett2h@imageshack.us,student,0
91,Nolan,Phillipp,3/14/1991,Male,nphillipp2i@cdbaby.com,student,0
92,Olvan,Nannizzi,1/15/2000,Male,onannizzi2j@soundcloud.com,student,0
93,Karia,Alessandrini,11/26/1994,Other,kalessandrini2k@tuttocitta.it,student,0
94,Josiah,Custed,5/14/1994,Male,jcusted2l@hostgator.com,student,0
95,Tandi,Linge,7/28/1996,Female,tlinge2m@symantec.com,student,0
96,Weider,Asprey,9/23/2000,Female,wasprey2n@psu.edu,student,0
97,Valentine,Ewer,05/12/2001,Other,vewer2o@irs.gov,student,0
98,Katy,Williamson,11/08/2004,Other,kwilliamson2p@nhs.uk,student,0
99,Faber,Hawes,01/08/1991,Male,fhawes2q@ocn.ne.jp,student,0
100,Nikki,Blaik,4/30/2006,Female,nblaik2r@wp.com,student,0
101,Rasia,Le Marquand,3/17/2003,Female,rlemarquand2s@ted.com,student,0
102,Ethelbert,Assaf,02/03/1998,Male,eassaf2t@geocities.com,student,0
103,Tiena,Isacq,11/07/1991,Female,tisacq2u@com.com,student,0
104,Joanie,Russel,03/05/2005,Male,jrussel2v@barnesandnoble.com,student,0
105,Oralle,Canner,12/01/1995,Male,ocanner2w@wordpress.com,student,0
106,Mark,Townrow,6/26/1996,Male,mtownrow2x@tripod.com,student,0
107,Marguerite,Fraczkiewicz,05/11/1993,Female,mfraczkiewicz2y@eepurl.com,student,0
108,Case,Tolossi,4/22/2005,Male,ctolossi2z@google.pl,student,0
109,Janaya,Smail,11/27/2007,Other,jsmail30@virginia.edu,student,0
110,Coretta,Sokale,7/24/2006,Female,csokale31@naver.com,student,0
111,Noll,Gilham,03/07/2005,Female,ngilham32@xinhuanet.com,student,0
112,Tomlin,Fernandes,2/25/2001,Male,tfernandes33@washingtonpost.com,student,0
113,Dillon,Mercer,05/01/2007,Other,dmercer34@flickr.com,student,0
114,Bibi,Trudgian,05/10/2009,Female,btrudgian35@odnoklassniki.ru,student,0
115,Bari,Reith,11/23/1997,Female,breith36@51.la,student,0
116,Bernhard,Kuhnwald,12/19/2002,Male,bkuhnwald37@dyndns.org,student,0
117,Alissa,Woodlands,1/30/2001,Female,awoodlands38@addthis.com,student,0
118,Baird,MacTrusty,6/19/2003,Male,bmactrusty39@123-reg.co.uk,student,0
119,Sula,Oene,7/26/2003,Male,soene3a@blog.com,student,0
120,Carmelia,Seignior,11/27/1990,Other,cseignior3b@walmart.com,student,0
121,Ursala,Smardon,09/02/2006,Other,usmardon3c@t.co,student,0
122,Bradford,Saill,2/23/2004,Other,bsaill3d@hostgator.com,student,0
123,Halette,Foulstone,11/27/1995,Female,hfoulstone3e@youtu.be,student,0
124,Sarge,Capinetti,3/30/2005,Female,scapinetti3f@eepurl.com,student,0
125,Beck,Waddie,04/02/2001,Female,bwaddie3g@wix.com,student,0
126,Danny,Ede,4/25/1996,Female,dede3h@infoseek.co.jp,student,0
127,Nilson,Felgat,09/05/2004,Female,nfelgat3i@creativecommons.org,student,0
128,Anne,Ockwell,2/24/1996,Male,aockwell3j@bloglovin.com,student,0
129,Melody,MacCague,9/13/2000,Other,mmaccague3k@flavors.me,student,0
130,Sibley,Harsent,09/04/1996,Male,sharsent3l@posterous.com,student,0
131,Errick,Springell,10/14/2001,Male,espringell3m@cyberchimps.com,student,0
132,Ebba,Garrand,8/18/1991,Male,egarrand3n@bizjournals.com,student,0
133,Garald,Calleja,7/13/1995,Male,gcalleja3o@google.nl,student,0
134,Jarrett,D'Aguanno,06/08/1991,Female,jdaguanno3p@go.com,student,0
135,Gram,Steptoe,11/28/2001,Female,gsteptoe3q@fc2.com,student,0
136,Devondra,Coley,7/30/2004,Male,dcoley3r@europa.eu,student,0
137,Devina,Janicijevic,11/05/1998,Male,djanicijevic3s@rambler.ru,student,0
138,Tammie,Methley,06/08/2007,Female,tmethley3t@hexun.com,student,0
139,Bard,Sibun,10/12/2004,Female,bsibun3u@wsj.com,student,0
140,Lezley,Hanwell,5/13/1990,Male,lhanwell3v@4shared.com,student,0
141,Ina,Ridges,03/11/1992,Male,iridges3w@mashable.com,student,0
142,Orin,Tadlow,5/20/1991,Male,otadlow3x@dailymotion.com,student,0
143,Renata,Joseph,12/11/2008,Other,rjoseph3y@t.co,student,0
144,Philis,Airth,1/28/2000,Male,pairth3z@dailymail.co.uk,student,0
145,Raul,Addess,1/23/1990,Male,raddess40@reference.com,student,0
146,Midge,Gallop,04/10/1990,Male,mgallop41@google.ru,student,0
147,Leontine,Gunderson,11/19/1993,Male,lgunderson42@technorati.com,student,0
148,Sharyl,Mayor,12/06/1996,Female,smayor43@youku.com,student,0
149,Montgomery,Walkden,12/27/1998,Female,mwalkden44@ftc.gov,student,0
150,Giavani,Deverell,10/25/2001,Female,gdeverell45@google.cn,student,0
151,Sabrina,Fer,09/07/1994,Female,sfer46@dailymotion.com,student,0
152,Mayer,Schofield,12/15/1995,Male,mschofield47@technorati.com,student,0
153,Patsy,Swinglehurst,11/21/1999,Female,pswinglehurst48@digg.com,student,0
154,Anna-maria,Zamora,09/10/2003,Male,azamora49@rambler.ru,student,0
155,Sutherlan,Colquyte,8/19/1994,Female,scolquyte4a@reverbnation.com,student,0
156,Jessica,Rojas,1/23/2004,Female,jrojas4b@free.fr,student,0
157,Willem,Demke,10/15/2009,Male,wdemke4c@eepurl.com,student,0
158,Gene,Maffini,6/17/2009,Female,gmaffini4d@joomla.org,student,0
159,Blake,Scrimshaw,9/24/1997,Male,bscrimshaw4e@google.pl,student,0
160,Gregoor,Burtonshaw,4/30/1995,Male,gburtonshaw4f@google.com.au,student,0
161,Stavro,Rudiger,8/31/1990,Female,srudiger4g@ustream.tv,student,0
162,Ryun,Eakle,3/14/1993,Other,reakle4h@statcounter.com,student,0
163,Blake,Pilgram,3/29/1995,Female,bpilgram4i@nydailynews.com,student,0
164,Sayer,Circuitt,10/05/2000,Male,scircuitt4j@tripod.com,student,0
165,Doyle,Hugli,3/23/1999,Female,dhugli4k@amazon.de,student,0
166,Jilleen,Crathorne,1/18/1999,Male,jcrathorne4l@nhs.uk,student,0
167,Friedrick,Larchier,06/07/1998,Female,flarchier4m@qq.com,student,0
168,Kaylil,Wetherburn,02/12/2004,Female,kwetherburn4n@apache.org,student,0
169,Vinita,Damsell,02/04/1990,Female,vdamsell4o@themeforest.net,student,0
170,Viv,Endean,05/09/2007,Female,vendean4p@liveinternet.ru,student,0
171,Electra,Boni,11/08/1992,Female,eboni4q@census.gov,student,0
172,Vi,Cawker,04/09/2003,Female,vcawker4r@slashdot.org,student,0
173,Shelli,Gerrets,09/11/1991,Female,sgerrets4s@naver.com,student,0
174,Margi,Esson,10/14/1999,Female,messon4t@pcworld.com,student,0
175,Marcelle,Shakesbye,5/13/1992,Male,mshakesbye4u@blogs.com,student,0
176,Felicity,Steade,08/02/2008,Male,fsteade4v@topsy.com,student,0
177,Arlana,Colvie,11/28/2006,Female,acolvie4w@hugedomains.com,student,0
178,Darleen,Kermott,11/04/1999,Other,dkermott4x@woothemes.com,student,0
179,Rebbecca,Leamy,03/08/1994,Female,rleamy4y@gov.uk,student,0
180,Marika,Colwell,8/18/1992,Male,mcolwell4z@illinois.edu,student,0
181,Dennet,Tarr,9/13/1996,Female,dtarr50@epa.gov,student,0
182,Morganica,Barradell,02/11/1995,Female,mbarradell51@reference.com,student,0
183,Sky,Eagleston,10/26/1994,Male,seagleston52@histats.com,student,0
184,Harlan,Lack,1/30/1990,Male,hlack53@oaic.gov.au,student,0
185,Thatcher,Libreros,12/15/2008,Male,tlibreros54@cargocollective.com,student,0
186,Say,Trehearn,7/25/2004,Female,strehearn55@ning.com,student,0
187,Bernadette,Dallin,11/06/2006,Female,bdallin56@elegantthemes.com,student,0
188,Wells,Sunners,1/20/2001,Female,wsunners57@blogger.com,student,0
189,Blake,Dobbins,04/06/2009,Female,bdobbins58@yale.edu,student,0
190,Archaimbaud,Edgson,03/09/1990,Other,aedgson59@php.net,student,0
191,Carroll,McGaw,9/13/2001,Other,cmcgaw5a@clickbank.net,student,0
192,Nicolle,Standish-Brooks,03/01/2005,Female,nstandishbrooks5b@tripadvisor.com,student,0
193,Haley,Noades,6/27/1994,Male,hnoades5c@phoca.cz,student,0
194,Audry,Stiling,04/07/2000,Female,astiling5d@fastcompany.com,student,0
195,Morly,Berry,12/19/2007,Female,mberry5e@army.mil,student,0
196,Mia,Scading,05/07/1998,Male,mscading5f@discuz.net,student,0
197,Renelle,O'Cahey,7/13/1994,Male,rocahey5g@disqus.com,student,0
198,Cristy,Franchioni,4/16/1998,Female,cfranchioni5h@about.me,student,0
199,Bernita,Abernethy,1/13/2002,Female,babernethy5i@sakura.ne.jp,student,0
200,Sergeant,Goade,9/19/2007,Male,sgoade5j@umich.edu,student,0
201,Michael,Evans,01/01/2001,Male,admin@admin.com,admin,0
202,Shay,Pisces,01/01/2001,Female,teacher@teacher.com,teacher,0
203,Laura,Taylor,01/01/2001,Female,student@student.com,student,0